"ROWID","CREATORID","CREATEDTIME","MODIFIEDTIME","case_rowid","filing_date","court_name","judge_name","chargesheet_number","filing_status","document_url"
"49093000000168832","49093000000013007","2026-06-28 14:01:29:382","2026-06-28 14:01:29:382","49093000000157258","2025-11-25","JMFC Court","Mohini Kari","CS-2025-00001","Accepted","https://crimesight.ai/chargesheet/1"
"49093000000168833","49093000000013007","2026-06-28 14:01:29:382","2026-06-28 14:01:29:382","49093000000157259","2025-08-31","Civil Court","Urvashi Chawla","CS-2025-00002","Returned for Correction","https://crimesight.ai/chargesheet/2"
"49093000000168834","49093000000013007","2026-06-28 14:01:29:382","2026-06-28 14:01:29:382","49093000000157260","2025-04-02","JMFC Court","Christopher Sathe","CS-2025-00003","Accepted","https://crimesight.ai/chargesheet/3"
"49093000000168835","49093000000013007","2026-06-28 14:01:29:382","2026-06-28 14:01:29:382","49093000000157261","2024-06-28","Metropolitan Magistrate Court","Madhav Bora","CS-2024-00004","Returned for Correction","https://crimesight.ai/chargesheet/4"
"49093000000168836","49093000000013007","2026-06-28 14:01:29:382","2026-06-28 14:01:29:382","49093000000157262","2026-04-21","District & Sessions Court","Girish Dhawan","CS-2026-00005","Pending","https://crimesight.ai/chargesheet/5"
"49093000000168837","49093000000013007","2026-06-28 14:01:29:382","2026-06-28 14:01:29:382","49093000000157263","2025-07-24","High Court Bench","Onkar Arya","CS-2025-00006","Pending","https://crimesight.ai/chargesheet/6"
"49093000000168838","49093000000013007","2026-06-28 14:01:29:382","2026-06-28 14:01:29:382","49093000000157264","2026-03-04","Fast Track Court","Jeevika Dasgupta","CS-2026-00007","Returned for Correction","https://crimesight.ai/chargesheet/7"
"49093000000168839","49093000000013007","2026-06-28 14:01:29:382","2026-06-28 14:01:29:382","49093000000157265","2025-04-22","JMFC Court","Hemangini Nigam","CS-2025-00008","Pending","https://crimesight.ai/chargesheet/8"
"49093000000168840","49093000000013007","2026-06-28 14:01:29:382","2026-06-28 14:01:29:382","49093000000157266","2024-10-13","Civil Court","Turvi Amble","CS-2024-00009","Filed","https://crimesight.ai/chargesheet/9"
"49093000000168841","49093000000013007","2026-06-28 14:01:29:382","2026-06-28 14:01:29:382","49093000000157267","2024-11-05","Metropolitan Magistrate Court","Aachal Dhawan","CS-2024-00010","Returned for Correction","https://crimesight.ai/chargesheet/10"
"49093000000168842","49093000000013007","2026-06-28 14:01:29:382","2026-06-28 14:01:29:382","49093000000157268","2025-01-04","Civil Court","Jalsa Ganesan","CS-2025-00011","Pending","https://crimesight.ai/chargesheet/11"
"49093000000168843","49093000000013007","2026-06-28 14:01:29:382","2026-06-28 14:01:29:382","49093000000157270","2026-03-27","High Court Bench","Chaman Date","CS-2026-00013","Returned for Correction","https://crimesight.ai/chargesheet/13"
"49093000000168844","49093000000013007","2026-06-28 14:01:29:382","2026-06-28 14:01:29:382","49093000000157271","2025-05-20","JMFC Court","Bhavna Chada","CS-2025-00014","Returned for Correction","https://crimesight.ai/chargesheet/14"
"49093000000168845","49093000000013007","2026-06-28 14:01:29:382","2026-06-28 14:01:29:382","49093000000157273","2025-09-01","Metropolitan Magistrate Court","Anmol Choudhry","CS-2025-00016","Filed","https://crimesight.ai/chargesheet/16"
"49093000000168846","49093000000013007","2026-06-28 14:01:29:382","2026-06-28 14:01:29:382","49093000000157275","2025-04-20","Civil Court","Faras Gopal","CS-2025-00018","Filed","https://crimesight.ai/chargesheet/18"
"49093000000168847","49093000000013007","2026-06-28 14:01:29:382","2026-06-28 14:01:29:382","49093000000157277","2026-05-03","District & Sessions Court","Charan Palan","CS-2026-00020","Accepted","https://crimesight.ai/chargesheet/20"
"49093000000168848","49093000000013007","2026-06-28 14:01:29:382","2026-06-28 14:01:29:382","49093000000157278","2024-08-05","High Court Bench","Zayan Thakkar","CS-2024-00021","Pending","https://crimesight.ai/chargesheet/21"
"49093000000168849","49093000000013007","2026-06-28 14:01:29:382","2026-06-28 14:01:29:382","49093000000157279","2024-12-07","High Court Bench","Bina Krishnan","CS-2024-00022","Accepted","https://crimesight.ai/chargesheet/22"
"49093000000168850","49093000000013007","2026-06-28 14:01:29:382","2026-06-28 14:01:29:382","49093000000157280","2025-07-14","Civil Court","Pavani Kalla","CS-2025-00023","Filed","https://crimesight.ai/chargesheet/23"
"49093000000168851","49093000000013007","2026-06-28 14:01:29:382","2026-06-28 14:01:29:382","49093000000157281","2025-12-11","District & Sessions Court","Anjali Basu","CS-2025-00024","Filed","https://crimesight.ai/chargesheet/24"
"49093000000168852","49093000000013007","2026-06-28 14:01:29:383","2026-06-28 14:01:29:383","49093000000157282","2025-06-05","Civil Court","Diya Krish","CS-2025-00025","Returned for Correction","https://crimesight.ai/chargesheet/25"
"49093000000168853","49093000000013007","2026-06-28 14:01:29:383","2026-06-28 14:01:29:383","49093000000157284","2025-10-04","Civil Court","Gautami Pau","CS-2025-00027","Returned for Correction","https://crimesight.ai/chargesheet/27"
"49093000000168854","49093000000013007","2026-06-28 14:01:29:383","2026-06-28 14:01:29:383","49093000000157286","2025-09-17","JMFC Court","Vamakshi Chander","CS-2025-00029","Filed","https://crimesight.ai/chargesheet/29"
"49093000000168855","49093000000013007","2026-06-28 14:01:29:383","2026-06-28 14:01:29:383","49093000000157287","2026-04-11","JMFC Court","Nitara Keer","CS-2026-00030","Filed","https://crimesight.ai/chargesheet/30"
"49093000000168856","49093000000013007","2026-06-28 14:01:29:383","2026-06-28 14:01:29:383","49093000000157288","2026-01-16","District & Sessions Court","Yagnesh Rajagopalan","CS-2026-00031","Accepted","https://crimesight.ai/chargesheet/31"
"49093000000168857","49093000000013007","2026-06-28 14:01:29:383","2026-06-28 14:01:29:383","49093000000157289","2025-09-20","District & Sessions Court","Yutika Wali","CS-2025-00032","Pending","https://crimesight.ai/chargesheet/32"
"49093000000168858","49093000000013007","2026-06-28 14:01:29:383","2026-06-28 14:01:29:383","49093000000157290","2025-09-28","Civil Court","Udarsh Savant","CS-2025-00033","Pending","https://crimesight.ai/chargesheet/33"
"49093000000168859","49093000000013007","2026-06-28 14:01:29:383","2026-06-28 14:01:29:383","49093000000157292","2026-02-15","District & Sessions Court","Madhav Raghavan","CS-2026-00035","Returned for Correction","https://crimesight.ai/chargesheet/35"
"49093000000168860","49093000000013007","2026-06-28 14:01:29:383","2026-06-28 14:01:29:383","49093000000157293","2024-07-12","High Court Bench","Ekalinga Nigam","CS-2024-00036","Returned for Correction","https://crimesight.ai/chargesheet/36"
"49093000000168861","49093000000013007","2026-06-28 14:01:29:383","2026-06-28 14:01:29:383","49093000000157294","2025-07-09","High Court Bench","Neelima Bora","CS-2025-00037","Returned for Correction","https://crimesight.ai/chargesheet/37"
"49093000000168862","49093000000013007","2026-06-28 14:01:29:383","2026-06-28 14:01:29:383","49093000000157296","2025-10-23","Metropolitan Magistrate Court","Robert Jaggi","CS-2025-00039","Filed","https://crimesight.ai/chargesheet/39"
"49093000000168863","49093000000013007","2026-06-28 14:01:29:383","2026-06-28 14:01:29:383","49093000000157299","2024-08-23","High Court Bench","Matthew Balakrishnan","CS-2024-00042","Pending","https://crimesight.ai/chargesheet/42"
"49093000000168864","49093000000013007","2026-06-28 14:01:29:383","2026-06-28 14:01:29:383","49093000000157300","2025-08-29","Civil Court","Krish Mutti","CS-2025-00043","Filed","https://crimesight.ai/chargesheet/43"
"49093000000168865","49093000000013007","2026-06-28 14:01:29:383","2026-06-28 14:01:29:383","49093000000157301","2026-02-23","Fast Track Court","Chakradev Iyer","CS-2026-00044","Pending","https://crimesight.ai/chargesheet/44"
"49093000000168866","49093000000013007","2026-06-28 14:01:29:383","2026-06-28 14:01:29:383","49093000000157302","2024-09-23","Fast Track Court","Ikshita Nath","CS-2024-00045","Filed","https://crimesight.ai/chargesheet/45"
"49093000000168867","49093000000013007","2026-06-28 14:01:29:383","2026-06-28 14:01:29:383","49093000000157304","2025-12-12","Metropolitan Magistrate Court","Irya Chaudhary","CS-2025-00047","Pending","https://crimesight.ai/chargesheet/47"
"49093000000168868","49093000000013007","2026-06-28 14:01:29:383","2026-06-28 14:01:29:383","49093000000157305","2025-09-10","District & Sessions Court","Tristan Lala","CS-2025-00048","Accepted","https://crimesight.ai/chargesheet/48"
"49093000000168869","49093000000013007","2026-06-28 14:01:29:383","2026-06-28 14:01:29:383","49093000000157306","2024-09-28","Civil Court","Baghyawati Bhagat","CS-2024-00049","Filed","https://crimesight.ai/chargesheet/49"
"49093000000168870","49093000000013007","2026-06-28 14:01:29:383","2026-06-28 14:01:29:383","49093000000157307","2025-07-25","High Court Bench","Mitali Chaudry","CS-2025-00050","Pending","https://crimesight.ai/chargesheet/50"
"49093000000168871","49093000000013007","2026-06-28 14:01:29:383","2026-06-28 14:01:29:383","49093000000157308","2024-10-03","High Court Bench","Hritik Sheth","CS-2024-00051","Filed","https://crimesight.ai/chargesheet/51"
"49093000000168872","49093000000013007","2026-06-28 14:01:29:383","2026-06-28 14:01:29:383","49093000000157309","2025-09-02","Metropolitan Magistrate Court","Turvi Bhavsar","CS-2025-00052","Returned for Correction","https://crimesight.ai/chargesheet/52"
"49093000000168873","49093000000013007","2026-06-28 14:01:29:383","2026-06-28 14:01:29:383","49093000000157311","2026-06-05","Fast Track Court","Pranav Hegde","CS-2026-00054","Pending","https://crimesight.ai/chargesheet/54"
"49093000000168874","49093000000013007","2026-06-28 14:01:29:383","2026-06-28 14:01:29:383","49093000000157312","2025-01-09","District & Sessions Court","Wyatt Lall","CS-2025-00055","Filed","https://crimesight.ai/chargesheet/55"
"49093000000168875","49093000000013007","2026-06-28 14:01:29:383","2026-06-28 14:01:29:383","49093000000157316","2026-04-21","Fast Track Court","Nilima Krish","CS-2026-00059","Filed","https://crimesight.ai/chargesheet/59"
"49093000000168876","49093000000013007","2026-06-28 14:01:29:383","2026-06-28 14:01:29:383","49093000000157318","2026-01-19","District & Sessions Court","Vivaan Venkataraman","CS-2026-00061","Accepted","https://crimesight.ai/chargesheet/61"
"49093000000168877","49093000000013007","2026-06-28 14:01:29:383","2026-06-28 14:01:29:383","49093000000157319","2025-10-07","Fast Track Court","Vyanjana Sheth","CS-2025-00062","Pending","https://crimesight.ai/chargesheet/62"
"49093000000168878","49093000000013007","2026-06-28 14:01:29:383","2026-06-28 14:01:29:383","49093000000157320","2025-12-10","District & Sessions Court","Ekaraj Rajagopal","CS-2025-00063","Accepted","https://crimesight.ai/chargesheet/63"
"49093000000168879","49093000000013007","2026-06-28 14:01:29:383","2026-06-28 14:01:29:383","49093000000157321","2024-09-17","District & Sessions Court","Aarna Panchal","CS-2024-00064","Returned for Correction","https://crimesight.ai/chargesheet/64"
"49093000000168880","49093000000013007","2026-06-28 14:01:29:383","2026-06-28 14:01:29:383","49093000000157322","2024-12-11","Fast Track Court","Samarth Kari","CS-2024-00065","Filed","https://crimesight.ai/chargesheet/65"
"49093000000168881","49093000000013007","2026-06-28 14:01:29:383","2026-06-28 14:01:29:383","49093000000157323","2025-06-26","District & Sessions Court","Anvi Pandey","CS-2025-00066","Returned for Correction","https://crimesight.ai/chargesheet/66"
"49093000000168882","49093000000013007","2026-06-28 14:01:29:383","2026-06-28 14:01:29:383","49093000000157324","2026-05-29","District & Sessions Court","Omisha Tella","CS-2026-00067","Filed","https://crimesight.ai/chargesheet/67"
"49093000000168883","49093000000013007","2026-06-28 14:01:29:383","2026-06-28 14:01:29:383","49093000000157325","2024-10-04","JMFC Court","Barkha Chakrabarti","CS-2024-00068","Returned for Correction","https://crimesight.ai/chargesheet/68"
"49093000000168884","49093000000013007","2026-06-28 14:01:29:383","2026-06-28 14:01:29:383","49093000000157327","2025-09-06","Civil Court","Gopal Chander","CS-2025-00070","Pending","https://crimesight.ai/chargesheet/70"
"49093000000168885","49093000000013007","2026-06-28 14:01:29:384","2026-06-28 14:01:29:384","49093000000157328","2025-03-12","Fast Track Court","Mekhala Thaman","CS-2025-00071","Returned for Correction","https://crimesight.ai/chargesheet/71"
"49093000000168886","49093000000013007","2026-06-28 14:01:29:384","2026-06-28 14:01:29:384","49093000000157329","2025-02-19","High Court Bench","Amara Tak","CS-2025-00072","Pending","https://crimesight.ai/chargesheet/72"
"49093000000168887","49093000000013007","2026-06-28 14:01:29:384","2026-06-28 14:01:29:384","49093000000157330","2024-12-19","District & Sessions Court","Timothy Ahuja","CS-2024-00073","Filed","https://crimesight.ai/chargesheet/73"
"49093000000168888","49093000000013007","2026-06-28 14:01:29:384","2026-06-28 14:01:29:384","49093000000157331","2026-02-06","Civil Court","Arin Kaul","CS-2026-00074","Accepted","https://crimesight.ai/chargesheet/74"
"49093000000168889","49093000000013007","2026-06-28 14:01:29:384","2026-06-28 14:01:29:384","49093000000157332","2026-02-16","Fast Track Court","Siddharth Kale","CS-2026-00075","Pending","https://crimesight.ai/chargesheet/75"
"49093000000168890","49093000000013007","2026-06-28 14:01:29:384","2026-06-28 14:01:29:384","49093000000157333","2025-01-04","District & Sessions Court","Fiyaz Batta","CS-2025-00076","Returned for Correction","https://crimesight.ai/chargesheet/76"
"49093000000168891","49093000000013007","2026-06-28 14:01:29:384","2026-06-28 14:01:29:384","49093000000157334","2024-11-12","Metropolitan Magistrate Court","Rohan Subramaniam","CS-2024-00077","Pending","https://crimesight.ai/chargesheet/77"
"49093000000168892","49093000000013007","2026-06-28 14:01:29:384","2026-06-28 14:01:29:384","49093000000157336","2024-12-13","District & Sessions Court","Ekbal Kari","CS-2024-00079","Returned for Correction","https://crimesight.ai/chargesheet/79"
"49093000000168893","49093000000013007","2026-06-28 14:01:29:384","2026-06-28 14:01:29:384","49093000000157337","2025-07-13","Fast Track Court","Vihaan Dara","CS-2025-00080","Pending","https://crimesight.ai/chargesheet/80"
"49093000000168894","49093000000013007","2026-06-28 14:01:29:384","2026-06-28 14:01:29:384","49093000000157338","2026-05-17","JMFC Court","Ladli Singh","CS-2026-00081","Pending","https://crimesight.ai/chargesheet/81"
"49093000000168895","49093000000013007","2026-06-28 14:01:29:384","2026-06-28 14:01:29:384","49093000000157341","2024-07-19","District & Sessions Court","Harita Venkatesh","CS-2024-00084","Returned for Correction","https://crimesight.ai/chargesheet/84"
"49093000000168896","49093000000013007","2026-06-28 14:01:29:384","2026-06-28 14:01:29:384","49093000000157342","2024-10-31","JMFC Court","Mitesh Patel","CS-2024-00085","Accepted","https://crimesight.ai/chargesheet/85"
"49093000000168897","49093000000013007","2026-06-28 14:01:29:384","2026-06-28 14:01:29:384","49093000000157343","2025-05-30","District & Sessions Court","Logan Sahni","CS-2025-00086","Pending","https://crimesight.ai/chargesheet/86"
"49093000000168898","49093000000013007","2026-06-28 14:01:29:384","2026-06-28 14:01:29:384","49093000000157345","2025-07-27","Metropolitan Magistrate Court","Faras Naik","CS-2025-00088","Returned for Correction","https://crimesight.ai/chargesheet/88"
"49093000000168899","49093000000013007","2026-06-28 14:01:29:384","2026-06-28 14:01:29:384","49093000000157346","2025-06-17","District & Sessions Court","Xalak Wali","CS-2025-00089","Accepted","https://crimesight.ai/chargesheet/89"
"49093000000168900","49093000000013007","2026-06-28 14:01:29:384","2026-06-28 14:01:29:384","49093000000157347","2025-10-29","Metropolitan Magistrate Court","Saksham Mukhopadhyay","CS-2025-00090","Filed","https://crimesight.ai/chargesheet/90"
"49093000000168901","49093000000013007","2026-06-28 14:01:29:384","2026-06-28 14:01:29:384","49093000000157348","2026-06-23","JMFC Court","Warhi Patla","CS-2026-00091","Filed","https://crimesight.ai/chargesheet/91"
"49093000000168902","49093000000013007","2026-06-28 14:01:29:384","2026-06-28 14:01:29:384","49093000000157349","2026-04-17","District & Sessions Court","Balhaar Jani","CS-2026-00092","Accepted","https://crimesight.ai/chargesheet/92"
"49093000000168903","49093000000013007","2026-06-28 14:01:29:384","2026-06-28 14:01:29:384","49093000000157351","2025-11-11","Metropolitan Magistrate Court","Champak Edwin","CS-2025-00094","Accepted","https://crimesight.ai/chargesheet/94"
"49093000000168904","49093000000013007","2026-06-28 14:01:29:384","2026-06-28 14:01:29:384","49093000000157352","2025-08-19","Fast Track Court","Amrita Mohanty","CS-2025-00095","Returned for Correction","https://crimesight.ai/chargesheet/95"
"49093000000168905","49093000000013007","2026-06-28 14:01:29:384","2026-06-28 14:01:29:384","49093000000157354","2024-10-01","Fast Track Court","Naksh Shanker","CS-2024-00097","Filed","https://crimesight.ai/chargesheet/97"
"49093000000168906","49093000000013007","2026-06-28 14:01:29:384","2026-06-28 14:01:29:384","49093000000157355","2024-12-02","Fast Track Court","Yashodhara Manda","CS-2024-00098","Pending","https://crimesight.ai/chargesheet/98"
"49093000000168907","49093000000013007","2026-06-28 14:01:29:384","2026-06-28 14:01:29:384","49093000000157356","2026-03-23","JMFC Court","Nicholas Rama","CS-2026-00099","Filed","https://crimesight.ai/chargesheet/99"
"49093000000168908","49093000000013007","2026-06-28 14:01:29:384","2026-06-28 14:01:29:384","49093000000157358","2026-05-14","Metropolitan Magistrate Court","Chavvi Mistry","CS-2026-00101","Pending","https://crimesight.ai/chargesheet/101"
"49093000000168909","49093000000013007","2026-06-28 14:01:29:384","2026-06-28 14:01:29:384","49093000000157362","2026-03-08","Metropolitan Magistrate Court","Ekavir Nath","CS-2026-00105","Filed","https://crimesight.ai/chargesheet/105"
"49093000000168910","49093000000013007","2026-06-28 14:01:29:384","2026-06-28 14:01:29:384","49093000000157364","2024-08-20","High Court Bench","Jonathan Sundaram","CS-2024-00107","Pending","https://crimesight.ai/chargesheet/107"
"49093000000168911","49093000000013007","2026-06-28 14:01:29:384","2026-06-28 14:01:29:384","49093000000157365","2025-08-31","JMFC Court","Lajita Lanka","CS-2025-00108","Pending","https://crimesight.ai/chargesheet/108"
"49093000000168912","49093000000013007","2026-06-28 14:01:29:384","2026-06-28 14:01:29:384","49093000000157369","2025-03-30","High Court Bench","Jatin Puri","CS-2025-00112","Filed","https://crimesight.ai/chargesheet/112"
"49093000000168913","49093000000013007","2026-06-28 14:01:29:384","2026-06-28 14:01:29:384","49093000000157370","2024-08-27","JMFC Court","Watika Menon","CS-2024-00113","Returned for Correction","https://crimesight.ai/chargesheet/113"
"49093000000168914","49093000000013007","2026-06-28 14:01:29:384","2026-06-28 14:01:29:384","49093000000157373","2025-02-20","Metropolitan Magistrate Court","Ucchal Rama","CS-2025-00116","Accepted","https://crimesight.ai/chargesheet/116"
"49093000000168915","49093000000013007","2026-06-28 14:01:29:384","2026-06-28 14:01:29:384","49093000000157376","2024-12-09","High Court Bench","David Joshi","CS-2024-00119","Filed","https://crimesight.ai/chargesheet/119"
"49093000000168916","49093000000013007","2026-06-28 14:01:29:384","2026-06-28 14:01:29:384","49093000000157377","2025-03-12","District & Sessions Court","Maanav Balakrishnan","CS-2025-00120","Accepted","https://crimesight.ai/chargesheet/120"
"49093000000168917","49093000000013007","2026-06-28 14:01:29:385","2026-06-28 14:01:29:385","49093000000157378","2024-12-19","Civil Court","Tanvi Bera","CS-2024-00121","Accepted","https://crimesight.ai/chargesheet/121"
"49093000000168918","49093000000013007","2026-06-28 14:01:29:385","2026-06-28 14:01:29:385","49093000000157379","2025-08-19","Civil Court","Dayamai Kakar","CS-2025-00122","Pending","https://crimesight.ai/chargesheet/122"
"49093000000168919","49093000000013007","2026-06-28 14:01:29:385","2026-06-28 14:01:29:385","49093000000157380","2024-12-17","High Court Bench","Rohan Rajagopal","CS-2024-00123","Returned for Correction","https://crimesight.ai/chargesheet/123"
"49093000000168920","49093000000013007","2026-06-28 14:01:29:385","2026-06-28 14:01:29:385","49093000000157383","2026-04-14","JMFC Court","Veda Sha","CS-2026-00126","Returned for Correction","https://crimesight.ai/chargesheet/126"
"49093000000168921","49093000000013007","2026-06-28 14:01:29:385","2026-06-28 14:01:29:385","49093000000157384","2025-02-12","Civil Court","Indira Nori","CS-2025-00127","Returned for Correction","https://crimesight.ai/chargesheet/127"
"49093000000168922","49093000000013007","2026-06-28 14:01:29:385","2026-06-28 14:01:29:385","49093000000157385","2024-12-05","JMFC Court","Unni Apte","CS-2024-00128","Returned for Correction","https://crimesight.ai/chargesheet/128"
"49093000000168923","49093000000013007","2026-06-28 14:01:29:385","2026-06-28 14:01:29:385","49093000000157386","2025-12-27","Civil Court","Michael Acharya","CS-2025-00129","Filed","https://crimesight.ai/chargesheet/129"
"49093000000168924","49093000000013007","2026-06-28 14:01:29:385","2026-06-28 14:01:29:385","49093000000157387","2025-07-07","Civil Court","Panini Dugar","CS-2025-00130","Returned for Correction","https://crimesight.ai/chargesheet/130"
"49093000000168925","49093000000013007","2026-06-28 14:01:29:385","2026-06-28 14:01:29:385","49093000000157388","2026-01-31","Fast Track Court","Parth Wadhwa","CS-2026-00131","Returned for Correction","https://crimesight.ai/chargesheet/131"
"49093000000168926","49093000000013007","2026-06-28 14:01:29:385","2026-06-28 14:01:29:385","49093000000157390","2024-12-11","District & Sessions Court","Yachana Singh","CS-2024-00133","Pending","https://crimesight.ai/chargesheet/133"
"49093000000168927","49093000000013007","2026-06-28 14:01:29:385","2026-06-28 14:01:29:385","49093000000157394","2026-05-26","District & Sessions Court","Gautami Peri","CS-2026-00137","Pending","https://crimesight.ai/chargesheet/137"
"49093000000168928","49093000000013007","2026-06-28 14:01:29:385","2026-06-28 14:01:29:385","49093000000157395","2024-07-24","JMFC Court","Nihal Narang","CS-2024-00138","Accepted","https://crimesight.ai/chargesheet/138"
"49093000000168929","49093000000013007","2026-06-28 14:01:29:385","2026-06-28 14:01:29:385","49093000000157396","2026-01-21","JMFC Court","Qadim Dalal","CS-2026-00139","Returned for Correction","https://crimesight.ai/chargesheet/139"
"49093000000168930","49093000000013007","2026-06-28 14:01:29:385","2026-06-28 14:01:29:385","49093000000157397","2024-07-12","District & Sessions Court","Baljiwan Bajaj","CS-2024-00140","Accepted","https://crimesight.ai/chargesheet/140"
"49093000000168931","49093000000013007","2026-06-28 14:01:29:385","2026-06-28 14:01:29:385","49093000000157398","2025-12-28","High Court Bench","Elijah Keer","CS-2025-00141","Filed","https://crimesight.ai/chargesheet/141"
"49093000000168932","49093000000013007","2026-06-28 14:01:29:385","2026-06-28 14:01:29:385","49093000000157400","2025-03-27","Metropolitan Magistrate Court","Aachal Venkataraman","CS-2025-00143","Pending","https://crimesight.ai/chargesheet/143"
"49093000000168933","49093000000013007","2026-06-28 14:01:29:385","2026-06-28 14:01:29:385","49093000000157401","2026-01-05","Fast Track Court","Zaid Ahluwalia","CS-2026-00144","Filed","https://crimesight.ai/chargesheet/144"
"49093000000168934","49093000000013007","2026-06-28 14:01:29:385","2026-06-28 14:01:29:385","49093000000157403","2026-03-06","Metropolitan Magistrate Court","Geetika Sehgal","CS-2026-00146","Filed","https://crimesight.ai/chargesheet/146"
"49093000000168935","49093000000013007","2026-06-28 14:01:29:385","2026-06-28 14:01:29:385","49093000000157404","2024-11-18","District & Sessions Court","Ijaya Jain","CS-2024-00147","Accepted","https://crimesight.ai/chargesheet/147"
"49093000000168936","49093000000013007","2026-06-28 14:01:29:385","2026-06-28 14:01:29:385","49093000000157405","2025-05-21","High Court Bench","Alexander Chacko","CS-2025-00148","Pending","https://crimesight.ai/chargesheet/148"
"49093000000168937","49093000000013007","2026-06-28 14:01:29:385","2026-06-28 14:01:29:385","49093000000157409","2024-10-01","Metropolitan Magistrate Court","Vihaan Tiwari","CS-2024-00152","Returned for Correction","https://crimesight.ai/chargesheet/152"
"49093000000168938","49093000000013007","2026-06-28 14:01:29:385","2026-06-28 14:01:29:385","49093000000157410","2025-04-12","Fast Track Court","Chandran Goyal","CS-2025-00153","Filed","https://crimesight.ai/chargesheet/153"
"49093000000168939","49093000000013007","2026-06-28 14:01:29:385","2026-06-28 14:01:29:385","49093000000157412","2026-05-25","Metropolitan Magistrate Court","Rachita Ramaswamy","CS-2026-00155","Returned for Correction","https://crimesight.ai/chargesheet/155"
"49093000000168940","49093000000013007","2026-06-28 14:01:29:385","2026-06-28 14:01:29:385","49093000000157413","2025-01-12","District & Sessions Court","Anamika Kata","CS-2025-00156","Filed","https://crimesight.ai/chargesheet/156"
"49093000000168941","49093000000013007","2026-06-28 14:01:29:385","2026-06-28 14:01:29:385","49093000000157414","2025-05-11","Fast Track Court","Anirudh Sabharwal","CS-2025-00157","Filed","https://crimesight.ai/chargesheet/157"
"49093000000168942","49093000000013007","2026-06-28 14:01:29:385","2026-06-28 14:01:29:385","49093000000157415","2024-07-14","Civil Court","Chaman Nair","CS-2024-00158","Pending","https://crimesight.ai/chargesheet/158"
"49093000000168943","49093000000013007","2026-06-28 14:01:29:385","2026-06-28 14:01:29:385","49093000000157416","2024-11-23","High Court Bench","Tarak Mann","CS-2024-00159","Returned for Correction","https://crimesight.ai/chargesheet/159"
"49093000000168944","49093000000013007","2026-06-28 14:01:29:385","2026-06-28 14:01:29:385","49093000000157417","2024-11-26","District & Sessions Court","Victor Ravi","CS-2024-00160","Filed","https://crimesight.ai/chargesheet/160"
"49093000000168945","49093000000013007","2026-06-28 14:01:29:385","2026-06-28 14:01:29:385","49093000000157418","2025-05-22","Civil Court","Bina Agarwal","CS-2025-00161","Filed","https://crimesight.ai/chargesheet/161"
"49093000000168946","49093000000013007","2026-06-28 14:01:29:385","2026-06-28 14:01:29:385","49093000000157420","2026-06-18","JMFC Court","Shravya Raja","CS-2026-00163","Returned for Correction","https://crimesight.ai/chargesheet/163"
"49093000000168947","49093000000013007","2026-06-28 14:01:29:385","2026-06-28 14:01:29:385","49093000000157421","2024-08-10","Fast Track Court","Qabil Ganesan","CS-2024-00164","Pending","https://crimesight.ai/chargesheet/164"
"49093000000168948","49093000000013007","2026-06-28 14:01:29:385","2026-06-28 14:01:29:385","49093000000157423","2025-04-08","Metropolitan Magistrate Court","Yasti Pal","CS-2025-00166","Returned for Correction","https://crimesight.ai/chargesheet/166"
"49093000000168949","49093000000013007","2026-06-28 14:01:29:385","2026-06-28 14:01:29:385","49093000000157424","2025-06-06","Fast Track Court","Nikita Gandhi","CS-2025-00167","Returned for Correction","https://crimesight.ai/chargesheet/167"
"49093000000168950","49093000000013007","2026-06-28 14:01:29:385","2026-06-28 14:01:29:385","49093000000157426","2026-06-22","JMFC Court","Vihaan Arora","CS-2026-00169","Accepted","https://crimesight.ai/chargesheet/169"
"49093000000168951","49093000000013007","2026-06-28 14:01:29:385","2026-06-28 14:01:29:385","49093000000157427","2024-10-21","Fast Track Court","Meghana Misra","CS-2024-00170","Returned for Correction","https://crimesight.ai/chargesheet/170"
"49093000000168952","49093000000013007","2026-06-28 14:01:29:386","2026-06-28 14:01:29:386","49093000000157428","2025-07-01","Civil Court","Vasatika Raja","CS-2025-00171","Accepted","https://crimesight.ai/chargesheet/171"
"49093000000168953","49093000000013007","2026-06-28 14:01:29:386","2026-06-28 14:01:29:386","49093000000157429","2026-03-23","JMFC Court","Jatin Mand","CS-2026-00172","Accepted","https://crimesight.ai/chargesheet/172"
"49093000000168954","49093000000013007","2026-06-28 14:01:29:386","2026-06-28 14:01:29:386","49093000000157432","2025-10-01","District & Sessions Court","Qarin Kibe","CS-2025-00175","Filed","https://crimesight.ai/chargesheet/175"
"49093000000168955","49093000000013007","2026-06-28 14:01:29:386","2026-06-28 14:01:29:386","49093000000157434","2025-06-15","High Court Bench","Chatresh Gill","CS-2025-00177","Returned for Correction","https://crimesight.ai/chargesheet/177"
"49093000000168956","49093000000013007","2026-06-28 14:01:29:386","2026-06-28 14:01:29:386","49093000000157435","2024-07-21","Fast Track Court","Chandran Chadha","CS-2024-00178","Accepted","https://crimesight.ai/chargesheet/178"
"49093000000168957","49093000000013007","2026-06-28 14:01:29:386","2026-06-28 14:01:29:386","49093000000157436","2025-04-28","District & Sessions Court","Geetika Rajagopal","CS-2025-00179","Filed","https://crimesight.ai/chargesheet/179"
"49093000000168958","49093000000013007","2026-06-28 14:01:29:386","2026-06-28 14:01:29:386","49093000000157438","2025-12-16","Civil Court","Yochana Rajan","CS-2025-00181","Returned for Correction","https://crimesight.ai/chargesheet/181"
"49093000000168959","49093000000013007","2026-06-28 14:01:29:386","2026-06-28 14:01:29:386","49093000000157440","2025-01-21","District & Sessions Court","Harini Cheema","CS-2025-00183","Filed","https://crimesight.ai/chargesheet/183"
"49093000000168960","49093000000013007","2026-06-28 14:01:29:386","2026-06-28 14:01:29:386","49093000000157442","2025-01-21","High Court Bench","Warhi Srivastava","CS-2025-00185","Filed","https://crimesight.ai/chargesheet/185"
"49093000000168961","49093000000013007","2026-06-28 14:01:29:386","2026-06-28 14:01:29:386","49093000000157443","2025-04-09","Civil Court","Zayan Bahl","CS-2025-00186","Pending","https://crimesight.ai/chargesheet/186"
"49093000000168962","49093000000013007","2026-06-28 14:01:29:386","2026-06-28 14:01:29:386","49093000000157444","2025-03-13","District & Sessions Court","Adweta Jha","CS-2025-00187","Accepted","https://crimesight.ai/chargesheet/187"
"49093000000168963","49093000000013007","2026-06-28 14:01:29:386","2026-06-28 14:01:29:386","49093000000157445","2025-07-31","Metropolitan Magistrate Court","Upadhriti Hari","CS-2025-00188","Accepted","https://crimesight.ai/chargesheet/188"
"49093000000168964","49093000000013007","2026-06-28 14:01:29:386","2026-06-28 14:01:29:386","49093000000157446","2025-03-30","District & Sessions Court","Jack Sinha","CS-2025-00189","Accepted","https://crimesight.ai/chargesheet/189"
"49093000000168965","49093000000013007","2026-06-28 14:01:29:386","2026-06-28 14:01:29:386","49093000000157447","2025-12-07","Civil Court","Tanay D’Alia","CS-2025-00190","Filed","https://crimesight.ai/chargesheet/190"
"49093000000168966","49093000000013007","2026-06-28 14:01:29:386","2026-06-28 14:01:29:386","49093000000157448","2026-04-02","High Court Bench","Laksh Sekhon","CS-2026-00191","Filed","https://crimesight.ai/chargesheet/191"
"49093000000168967","49093000000013007","2026-06-28 14:01:29:386","2026-06-28 14:01:29:386","49093000000157449","2024-10-17","High Court Bench","Luke Sani","CS-2024-00192","Accepted","https://crimesight.ai/chargesheet/192"
"49093000000168968","49093000000013007","2026-06-28 14:01:29:386","2026-06-28 14:01:29:386","49093000000157450","2024-06-29","Fast Track Court","Vritti Loyal","CS-2024-00193","Returned for Correction","https://crimesight.ai/chargesheet/193"
"49093000000168969","49093000000013007","2026-06-28 14:01:29:386","2026-06-28 14:01:29:386","49093000000157451","2024-11-16","Metropolitan Magistrate Court","Ijaya Bandi","CS-2024-00194","Filed","https://crimesight.ai/chargesheet/194"
"49093000000168970","49093000000013007","2026-06-28 14:01:29:386","2026-06-28 14:01:29:386","49093000000157452","2024-07-22","JMFC Court","Vansha Arya","CS-2024-00195","Returned for Correction","https://crimesight.ai/chargesheet/195"
"49093000000168971","49093000000013007","2026-06-28 14:01:29:386","2026-06-28 14:01:29:386","49093000000157453","2025-07-29","Civil Court","Anamika Badami","CS-2025-00196","Filed","https://crimesight.ai/chargesheet/196"
"49093000000168972","49093000000013007","2026-06-28 14:01:29:386","2026-06-28 14:01:29:386","49093000000157455","2026-04-19","High Court Bench","Ojasvi Banerjee","CS-2026-00198","Pending","https://crimesight.ai/chargesheet/198"
"49093000000168973","49093000000013007","2026-06-28 14:01:29:386","2026-06-28 14:01:29:386","49093000000157456","2024-12-17","Civil Court","Hardik Brahmbhatt","CS-2024-00199","Accepted","https://crimesight.ai/chargesheet/199"
"49093000000168974","49093000000013007","2026-06-28 14:01:29:386","2026-06-28 14:01:29:386","49093000000157457","2025-04-10","District & Sessions Court","Pranit Rana","CS-2025-00200","Filed","https://crimesight.ai/chargesheet/200"
"49093000000168975","49093000000013007","2026-06-28 14:01:29:386","2026-06-28 14:01:29:386","49093000000157459","2025-02-27","Civil Court","Ekbal Koshy","CS-2025-00202","Pending","https://crimesight.ai/chargesheet/202"
"49093000000168976","49093000000013007","2026-06-28 14:01:29:386","2026-06-28 14:01:29:386","49093000000157460","2024-07-11","Fast Track Court","Rudra Nigam","CS-2024-00203","Pending","https://crimesight.ai/chargesheet/203"
"49093000000168977","49093000000013007","2026-06-28 14:01:29:386","2026-06-28 14:01:29:386","49093000000157461","2024-11-27","High Court Bench","Bhavna Bahri","CS-2024-00204","Pending","https://crimesight.ai/chargesheet/204"
"49093000000168978","49093000000013007","2026-06-28 14:01:29:386","2026-06-28 14:01:29:386","49093000000157462","2025-06-15","Fast Track Court","Dhriti Chakrabarti","CS-2025-00205","Returned for Correction","https://crimesight.ai/chargesheet/205"
"49093000000168979","49093000000013007","2026-06-28 14:01:29:386","2026-06-28 14:01:29:386","49093000000157464","2025-01-18","Civil Court","Lipika Deo","CS-2025-00207","Pending","https://crimesight.ai/chargesheet/207"
"49093000000168980","49093000000013007","2026-06-28 14:01:29:386","2026-06-28 14:01:29:386","49093000000157465","2024-07-26","District & Sessions Court","Damyanti Mody","CS-2024-00208","Filed","https://crimesight.ai/chargesheet/208"
"49093000000168981","49093000000013007","2026-06-28 14:01:29:386","2026-06-28 14:01:29:386","49093000000157466","2024-08-04","Metropolitan Magistrate Court","Qadim Kade","CS-2024-00209","Returned for Correction","https://crimesight.ai/chargesheet/209"
"49093000000168982","49093000000013007","2026-06-28 14:01:29:386","2026-06-28 14:01:29:386","49093000000157469","2025-02-01","JMFC Court","Zayyan Bhagat","CS-2025-00212","Returned for Correction","https://crimesight.ai/chargesheet/212"
"49093000000168983","49093000000013007","2026-06-28 14:01:29:386","2026-06-28 14:01:29:386","49093000000157470","2025-10-24","Fast Track Court","Falak Menon","CS-2025-00213","Pending","https://crimesight.ai/chargesheet/213"
"49093000000168984","49093000000013007","2026-06-28 14:01:29:386","2026-06-28 14:01:29:386","49093000000157471","2025-06-03","JMFC Court","Ijaya Mukhopadhyay","CS-2025-00214","Pending","https://crimesight.ai/chargesheet/214"
"49093000000168985","49093000000013007","2026-06-28 14:01:29:386","2026-06-28 14:01:29:386","49093000000157472","2025-05-04","Metropolitan Magistrate Court","Rajata Chaudhari","CS-2025-00215","Filed","https://crimesight.ai/chargesheet/215"
"49093000000168986","49093000000013007","2026-06-28 14:01:29:386","2026-06-28 14:01:29:386","49093000000157473","2026-05-05","High Court Bench","Frederick Reddy","CS-2026-00216","Accepted","https://crimesight.ai/chargesheet/216"
"49093000000168987","49093000000013007","2026-06-28 14:01:29:386","2026-06-28 14:01:29:386","49093000000157474","2024-12-08","Fast Track Court","Zayyan Tara","CS-2024-00217","Accepted","https://crimesight.ai/chargesheet/217"
"49093000000168988","49093000000013007","2026-06-28 14:01:29:386","2026-06-28 14:01:29:386","49093000000157475","2025-01-02","Civil Court","Januja More","CS-2025-00218","Filed","https://crimesight.ai/chargesheet/218"
"49093000000168989","49093000000013007","2026-06-28 14:01:29:386","2026-06-28 14:01:29:386","49093000000157476","2025-11-07","High Court Bench","Jairaj Bhargava","CS-2025-00219","Pending","https://crimesight.ai/chargesheet/219"
"49093000000168990","49093000000013007","2026-06-28 14:01:29:387","2026-06-28 14:01:29:387","49093000000157477","2025-07-02","High Court Bench","Mohini Bora","CS-2025-00220","Pending","https://crimesight.ai/chargesheet/220"
"49093000000168991","49093000000013007","2026-06-28 14:01:29:387","2026-06-28 14:01:29:387","49093000000157480","2024-11-28","Metropolitan Magistrate Court","Arunima Madan","CS-2024-00223","Filed","https://crimesight.ai/chargesheet/223"
"49093000000168992","49093000000013007","2026-06-28 14:01:29:387","2026-06-28 14:01:29:387","49093000000157481","2026-02-12","Civil Court","Unnati Mannan","CS-2026-00224","Filed","https://crimesight.ai/chargesheet/224"
"49093000000168993","49093000000013007","2026-06-28 14:01:29:387","2026-06-28 14:01:29:387","49093000000157482","2024-08-16","Civil Court","Vanya Bhasin","CS-2024-00225","Filed","https://crimesight.ai/chargesheet/225"
"49093000000168994","49093000000013007","2026-06-28 14:01:29:387","2026-06-28 14:01:29:387","49093000000157483","2026-02-08","Fast Track Court","Ojasvi Taneja","CS-2026-00226","Pending","https://crimesight.ai/chargesheet/226"
"49093000000168995","49093000000013007","2026-06-28 14:01:29:387","2026-06-28 14:01:29:387","49093000000157484","2024-08-02","Metropolitan Magistrate Court","Zarna Halder","CS-2024-00227","Accepted","https://crimesight.ai/chargesheet/227"
"49093000000168996","49093000000013007","2026-06-28 14:01:29:387","2026-06-28 14:01:29:387","49093000000157485","2025-05-15","Metropolitan Magistrate Court","Orinder Ramakrishnan","CS-2025-00228","Accepted","https://crimesight.ai/chargesheet/228"
"49093000000168997","49093000000013007","2026-06-28 14:01:29:387","2026-06-28 14:01:29:387","49093000000157486","2026-03-28","High Court Bench","Pratyush Sibal","CS-2026-00229","Returned for Correction","https://crimesight.ai/chargesheet/229"
"49093000000168998","49093000000013007","2026-06-28 14:01:29:387","2026-06-28 14:01:29:387","49093000000157487","2024-12-17","High Court Bench","Suhani Aurora","CS-2024-00230","Accepted","https://crimesight.ai/chargesheet/230"
"49093000000168999","49093000000013007","2026-06-28 14:01:29:387","2026-06-28 14:01:29:387","49093000000157488","2024-10-06","High Court Bench","Ayushman Panchal","CS-2024-00231","Pending","https://crimesight.ai/chargesheet/231"
"49093000000169000","49093000000013007","2026-06-28 14:01:29:387","2026-06-28 14:01:29:387","49093000000157489","2025-02-06","Fast Track Court","Vinaya Bala","CS-2025-00232","Returned for Correction","https://crimesight.ai/chargesheet/232"
"49093000000171001","49093000000013007","2026-06-28 14:01:29:387","2026-06-28 14:01:29:387","49093000000157492","2026-04-12","Civil Court","Veda Sandhu","CS-2026-00235","Filed","https://crimesight.ai/chargesheet/235"
"49093000000171002","49093000000013007","2026-06-28 14:01:29:387","2026-06-28 14:01:29:387","49093000000157493","2026-03-15","District & Sessions Court","Dev Dewan","CS-2026-00236","Returned for Correction","https://crimesight.ai/chargesheet/236"
"49093000000171003","49093000000013007","2026-06-28 14:01:29:387","2026-06-28 14:01:29:387","49093000000157494","2024-09-14","Metropolitan Magistrate Court","Ikbal Warrior","CS-2024-00237","Filed","https://crimesight.ai/chargesheet/237"
"49093000000171004","49093000000013007","2026-06-28 14:01:29:387","2026-06-28 14:01:29:387","49093000000157495","2026-02-15","Civil Court","Aahana Balan","CS-2026-00238","Returned for Correction","https://crimesight.ai/chargesheet/238"
"49093000000171005","49093000000013007","2026-06-28 14:01:29:387","2026-06-28 14:01:29:387","49093000000157496","2024-11-03","Metropolitan Magistrate Court","Mohini Vig","CS-2024-00239","Filed","https://crimesight.ai/chargesheet/239"
"49093000000171006","49093000000013007","2026-06-28 14:01:29:387","2026-06-28 14:01:29:387","49093000000157498","2024-08-12","High Court Bench","Vamakshi Handa","CS-2024-00241","Pending","https://crimesight.ai/chargesheet/241"
"49093000000171007","49093000000013007","2026-06-28 14:01:29:387","2026-06-28 14:01:29:387","49093000000157499","2025-10-22","Fast Track Court","Yug Pall","CS-2025-00242","Accepted","https://crimesight.ai/chargesheet/242"
"49093000000171008","49093000000013007","2026-06-28 14:01:29:387","2026-06-28 14:01:29:387","49093000000157500","2025-10-04","High Court Bench","Anika Sama","CS-2025-00243","Returned for Correction","https://crimesight.ai/chargesheet/243"
"49093000000171009","49093000000013007","2026-06-28 14:01:29:387","2026-06-28 14:01:29:387","49093000000157503","2025-02-22","JMFC Court","Anirudh Varghese","CS-2025-00246","Filed","https://crimesight.ai/chargesheet/246"
"49093000000171010","49093000000013007","2026-06-28 14:01:29:387","2026-06-28 14:01:29:387","49093000000157505","2026-03-20","District & Sessions Court","Neel Verma","CS-2026-00248","Pending","https://crimesight.ai/chargesheet/248"
"49093000000171011","49093000000013007","2026-06-28 14:01:29:387","2026-06-28 14:01:29:387","49093000000157509","2025-04-04","District & Sessions Court","Lopa Mandal","CS-2025-00252","Accepted","https://crimesight.ai/chargesheet/252"
"49093000000171012","49093000000013007","2026-06-28 14:01:29:387","2026-06-28 14:01:29:387","49093000000157511","2025-10-20","Fast Track Court","Mohini Bhatia","CS-2025-00254","Filed","https://crimesight.ai/chargesheet/254"
"49093000000171013","49093000000013007","2026-06-28 14:01:29:387","2026-06-28 14:01:29:387","49093000000157512","2025-06-03","Civil Court","Owen Bala","CS-2025-00255","Returned for Correction","https://crimesight.ai/chargesheet/255"
"49093000000171014","49093000000013007","2026-06-28 14:01:29:387","2026-06-28 14:01:29:387","49093000000157513","2026-02-24","JMFC Court","Harish Krish","CS-2026-00256","Returned for Correction","https://crimesight.ai/chargesheet/256"
"49093000000171015","49093000000013007","2026-06-28 14:01:29:387","2026-06-28 14:01:29:387","49093000000157514","2025-01-24","JMFC Court","Chaaya Singhal","CS-2025-00257","Pending","https://crimesight.ai/chargesheet/257"
"49093000000171016","49093000000013007","2026-06-28 14:01:29:387","2026-06-28 14:01:29:387","49093000000157515","2024-08-14","District & Sessions Court","Anika Kade","CS-2024-00258","Returned for Correction","https://crimesight.ai/chargesheet/258"
"49093000000171017","49093000000013007","2026-06-28 14:01:29:387","2026-06-28 14:01:29:387","49093000000157516","2025-05-12","JMFC Court","Shaurya Murty","CS-2025-00259","Pending","https://crimesight.ai/chargesheet/259"
"49093000000171018","49093000000013007","2026-06-28 14:01:29:387","2026-06-28 14:01:29:387","49093000000157517","2025-02-21","Fast Track Court","Eshana Cheema","CS-2025-00260","Accepted","https://crimesight.ai/chargesheet/260"
"49093000000171019","49093000000013007","2026-06-28 14:01:29:387","2026-06-28 14:01:29:387","49093000000157518","2024-08-11","Civil Court","Chakradhar Chaudhari","CS-2024-00261","Filed","https://crimesight.ai/chargesheet/261"
"49093000000171020","49093000000013007","2026-06-28 14:01:29:387","2026-06-28 14:01:29:387","49093000000157521","2024-11-21","High Court Bench","Nitara Badami","CS-2024-00264","Filed","https://crimesight.ai/chargesheet/264"
"49093000000171021","49093000000013007","2026-06-28 14:01:29:387","2026-06-28 14:01:29:387","49093000000157522","2024-12-19","Metropolitan Magistrate Court","Zarna Rattan","CS-2024-00265","Pending","https://crimesight.ai/chargesheet/265"
"49093000000171022","49093000000013007","2026-06-28 14:01:29:387","2026-06-28 14:01:29:387","49093000000157523","2024-07-01","High Court Bench","Neel Oak","CS-2024-00266","Filed","https://crimesight.ai/chargesheet/266"
"49093000000171023","49093000000013007","2026-06-28 14:01:29:387","2026-06-28 14:01:29:387","49093000000157524","2025-02-11","Civil Court","Oliver Nigam","CS-2025-00267","Returned for Correction","https://crimesight.ai/chargesheet/267"
"49093000000171024","49093000000013007","2026-06-28 14:01:29:387","2026-06-28 14:01:29:387","49093000000157525","2024-07-11","High Court Bench","Charvi Minhas","CS-2024-00268","Pending","https://crimesight.ai/chargesheet/268"
"49093000000171025","49093000000013007","2026-06-28 14:01:29:388","2026-06-28 14:01:29:388","49093000000157526","2025-09-16","High Court Bench","Lakshmi Walia","CS-2025-00269","Accepted","https://crimesight.ai/chargesheet/269"
"49093000000171026","49093000000013007","2026-06-28 14:01:29:388","2026-06-28 14:01:29:388","49093000000157528","2026-03-19","District & Sessions Court","Garima Padmanabhan","CS-2026-00271","Returned for Correction","https://crimesight.ai/chargesheet/271"
"49093000000171027","49093000000013007","2026-06-28 14:01:29:388","2026-06-28 14:01:29:388","49093000000157530","2026-06-21","District & Sessions Court","Pushti Mander","CS-2026-00273","Returned for Correction","https://crimesight.ai/chargesheet/273"
"49093000000171028","49093000000013007","2026-06-28 14:01:29:388","2026-06-28 14:01:29:388","49093000000157531","2024-12-14","Metropolitan Magistrate Court","Nidra Shan","CS-2024-00274","Filed","https://crimesight.ai/chargesheet/274"
"49093000000171029","49093000000013007","2026-06-28 14:01:29:388","2026-06-28 14:01:29:388","49093000000157533","2024-12-14","JMFC Court","Tanish Sharma","CS-2024-00276","Returned for Correction","https://crimesight.ai/chargesheet/276"
"49093000000171030","49093000000013007","2026-06-28 14:01:29:388","2026-06-28 14:01:29:388","49093000000157534","2025-10-26","District & Sessions Court","Charles Oak","CS-2025-00277","Accepted","https://crimesight.ai/chargesheet/277"
"49093000000171031","49093000000013007","2026-06-28 14:01:29:388","2026-06-28 14:01:29:388","49093000000157535","2024-10-21","High Court Bench","Frado Bora","CS-2024-00278","Filed","https://crimesight.ai/chargesheet/278"
"49093000000171032","49093000000013007","2026-06-28 14:01:29:388","2026-06-28 14:01:29:388","49093000000157536","2025-08-31","High Court Bench","Sara Sibal","CS-2025-00279","Returned for Correction","https://crimesight.ai/chargesheet/279"
"49093000000171033","49093000000013007","2026-06-28 14:01:29:388","2026-06-28 14:01:29:388","49093000000157538","2025-05-12","Fast Track Court","Pallavi Lal","CS-2025-00281","Pending","https://crimesight.ai/chargesheet/281"
"49093000000171034","49093000000013007","2026-06-28 14:01:29:388","2026-06-28 14:01:29:388","49093000000157541","2025-12-05","High Court Bench","Vedant Raman","CS-2025-00284","Returned for Correction","https://crimesight.ai/chargesheet/284"
"49093000000171035","49093000000013007","2026-06-28 14:01:29:388","2026-06-28 14:01:29:388","49093000000157542","2025-05-31","Metropolitan Magistrate Court","Odika Sachdev","CS-2025-00285","Returned for Correction","https://crimesight.ai/chargesheet/285"
"49093000000171036","49093000000013007","2026-06-28 14:01:29:388","2026-06-28 14:01:29:388","49093000000157543","2024-09-29","District & Sessions Court","Kamya Warrior","CS-2024-00286","Returned for Correction","https://crimesight.ai/chargesheet/286"
"49093000000171037","49093000000013007","2026-06-28 14:01:29:388","2026-06-28 14:01:29:388","49093000000157544","2025-11-27","Civil Court","Michael Reddy","CS-2025-00287","Filed","https://crimesight.ai/chargesheet/287"
"49093000000171038","49093000000013007","2026-06-28 14:01:29:388","2026-06-28 14:01:29:388","49093000000157545","2025-10-20","District & Sessions Court","Ojas Yohannan","CS-2025-00288","Filed","https://crimesight.ai/chargesheet/288"
"49093000000171039","49093000000013007","2026-06-28 14:01:29:388","2026-06-28 14:01:29:388","49093000000157546","2024-12-10","Metropolitan Magistrate Court","Veda Malhotra","CS-2024-00289","Filed","https://crimesight.ai/chargesheet/289"
"49093000000171040","49093000000013007","2026-06-28 14:01:29:388","2026-06-28 14:01:29:388","49093000000157547","2025-04-10","Metropolitan Magistrate Court","Aishani Krishnan","CS-2025-00290","Filed","https://crimesight.ai/chargesheet/290"
"49093000000171041","49093000000013007","2026-06-28 14:01:29:388","2026-06-28 14:01:29:388","49093000000157549","2024-09-27","District & Sessions Court","Vasudha Mahajan","CS-2024-00292","Returned for Correction","https://crimesight.ai/chargesheet/292"
"49093000000171042","49093000000013007","2026-06-28 14:01:29:388","2026-06-28 14:01:29:388","49093000000157550","2025-05-26","District & Sessions Court","Zansi Agate","CS-2025-00293","Accepted","https://crimesight.ai/chargesheet/293"
"49093000000171043","49093000000013007","2026-06-28 14:01:29:388","2026-06-28 14:01:29:388","49093000000157551","2025-03-10","High Court Bench","Unni Wagle","CS-2025-00294","Pending","https://crimesight.ai/chargesheet/294"
"49093000000171044","49093000000013007","2026-06-28 14:01:29:388","2026-06-28 14:01:29:388","49093000000157552","2024-09-12","District & Sessions Court","Faqid Barman","CS-2024-00295","Filed","https://crimesight.ai/chargesheet/295"
"49093000000171045","49093000000013007","2026-06-28 14:01:29:388","2026-06-28 14:01:29:388","49093000000157554","2025-07-30","Fast Track Court","Dev Agrawal","CS-2025-00297","Returned for Correction","https://crimesight.ai/chargesheet/297"
"49093000000171046","49093000000013007","2026-06-28 14:01:29:388","2026-06-28 14:01:29:388","49093000000157555","2024-08-12","Fast Track Court","Champak Uppal","CS-2024-00298","Accepted","https://crimesight.ai/chargesheet/298"
"49093000000171047","49093000000013007","2026-06-28 14:01:29:388","2026-06-28 14:01:29:388","49093000000157556","2025-12-17","Metropolitan Magistrate Court","Tara Nagi","CS-2025-00299","Returned for Correction","https://crimesight.ai/chargesheet/299"
"49093000000171048","49093000000013007","2026-06-28 14:01:29:388","2026-06-28 14:01:29:388","49093000000157558","2025-10-24","High Court Bench","Arya Mitra","CS-2025-00301","Accepted","https://crimesight.ai/chargesheet/301"
"49093000000171049","49093000000013007","2026-06-28 14:01:29:388","2026-06-28 14:01:29:388","49093000000157559","2025-03-03","High Court Bench","Wridesh Ramanathan","CS-2025-00302","Filed","https://crimesight.ai/chargesheet/302"
"49093000000171050","49093000000013007","2026-06-28 14:01:29:388","2026-06-28 14:01:29:388","49093000000157560","2024-09-26","Metropolitan Magistrate Court","Hemangini Brahmbhatt","CS-2024-00303","Filed","https://crimesight.ai/chargesheet/303"
"49093000000171051","49093000000013007","2026-06-28 14:01:29:388","2026-06-28 14:01:29:388","49093000000157561","2025-09-26","District & Sessions Court","Janya Roy","CS-2025-00304","Accepted","https://crimesight.ai/chargesheet/304"
"49093000000171052","49093000000013007","2026-06-28 14:01:29:388","2026-06-28 14:01:29:388","49093000000157562","2024-10-23","District & Sessions Court","Tarak Dugar","CS-2024-00305","Accepted","https://crimesight.ai/chargesheet/305"
"49093000000171053","49093000000013007","2026-06-28 14:01:29:388","2026-06-28 14:01:29:388","49093000000157563","2024-08-10","Civil Court","Warda Dara","CS-2024-00306","Returned for Correction","https://crimesight.ai/chargesheet/306"
"49093000000171054","49093000000013007","2026-06-28 14:01:29:388","2026-06-28 14:01:29:388","49093000000157566","2024-12-25","Metropolitan Magistrate Court","Farhan Pandey","CS-2024-00309","Pending","https://crimesight.ai/chargesheet/309"
"49093000000171055","49093000000013007","2026-06-28 14:01:29:388","2026-06-28 14:01:29:388","49093000000157567","2024-07-09","Metropolitan Magistrate Court","Yagnesh Sehgal","CS-2024-00310","Accepted","https://crimesight.ai/chargesheet/310"
"49093000000171056","49093000000013007","2026-06-28 14:01:29:388","2026-06-28 14:01:29:388","49093000000157569","2025-06-04","Metropolitan Magistrate Court","Abhiram Natt","CS-2025-00312","Filed","https://crimesight.ai/chargesheet/312"
"49093000000171057","49093000000013007","2026-06-28 14:01:29:388","2026-06-28 14:01:29:388","49093000000157571","2026-06-16","District & Sessions Court","Ekta Johal","CS-2026-00314","Pending","https://crimesight.ai/chargesheet/314"
"49093000000171058","49093000000013007","2026-06-28 14:01:29:388","2026-06-28 14:01:29:388","49093000000157572","2025-04-30","District & Sessions Court","Thomas Prashad","CS-2025-00315","Pending","https://crimesight.ai/chargesheet/315"
"49093000000171059","49093000000013007","2026-06-28 14:01:29:388","2026-06-28 14:01:29:388","49093000000157573","2026-02-11","Fast Track Court","Leena Kapur","CS-2026-00316","Filed","https://crimesight.ai/chargesheet/316"
"49093000000171060","49093000000013007","2026-06-28 14:01:29:388","2026-06-28 14:01:29:388","49093000000157574","2025-07-08","High Court Bench","Nisha Bhavsar","CS-2025-00317","Filed","https://crimesight.ai/chargesheet/317"
"49093000000171061","49093000000013007","2026-06-28 14:01:29:388","2026-06-28 14:01:29:388","49093000000157575","2024-08-15","Civil Court","Xiti Gour","CS-2024-00318","Accepted","https://crimesight.ai/chargesheet/318"
"49093000000171062","49093000000013007","2026-06-28 14:01:29:388","2026-06-28 14:01:29:388","49093000000157577","2025-06-01","Civil Court","Kiaan Bava","CS-2025-00320","Pending","https://crimesight.ai/chargesheet/320"
"49093000000171063","49093000000013007","2026-06-28 14:01:29:388","2026-06-28 14:01:29:388","49093000000157578","2026-03-14","District & Sessions Court","Charvi Narula","CS-2026-00321","Returned for Correction","https://crimesight.ai/chargesheet/321"
"49093000000171064","49093000000013007","2026-06-28 14:01:29:389","2026-06-28 14:01:29:389","49093000000157579","2025-04-20","District & Sessions Court","Finn Aurora","CS-2025-00322","Pending","https://crimesight.ai/chargesheet/322"
"49093000000171065","49093000000013007","2026-06-28 14:01:29:389","2026-06-28 14:01:29:389","49093000000157580","2024-08-15","High Court Bench","Sudiksha Padmanabhan","CS-2024-00323","Returned for Correction","https://crimesight.ai/chargesheet/323"
"49093000000171066","49093000000013007","2026-06-28 14:01:29:389","2026-06-28 14:01:29:389","49093000000157581","2026-05-09","Metropolitan Magistrate Court","Meghana Sastry","CS-2026-00324","Pending","https://crimesight.ai/chargesheet/324"
"49093000000171067","49093000000013007","2026-06-28 14:01:29:389","2026-06-28 14:01:29:389","49093000000157582","2024-10-07","High Court Bench","Bhavani Sundaram","CS-2024-00325","Pending","https://crimesight.ai/chargesheet/325"
"49093000000171068","49093000000013007","2026-06-28 14:01:29:389","2026-06-28 14:01:29:389","49093000000157583","2025-12-19","Civil Court","Jatin Murty","CS-2025-00326","Filed","https://crimesight.ai/chargesheet/326"
"49093000000171069","49093000000013007","2026-06-28 14:01:29:389","2026-06-28 14:01:29:389","49093000000157584","2025-09-24","Civil Court","Vedika Contractor","CS-2025-00327","Pending","https://crimesight.ai/chargesheet/327"
"49093000000171070","49093000000013007","2026-06-28 14:01:29:389","2026-06-28 14:01:29:389","49093000000157585","2025-08-02","Civil Court","Gautam Yadav","CS-2025-00328","Returned for Correction","https://crimesight.ai/chargesheet/328"
"49093000000171071","49093000000013007","2026-06-28 14:01:29:389","2026-06-28 14:01:29:389","49093000000157586","2025-06-03","JMFC Court","Unni Rege","CS-2025-00329","Returned for Correction","https://crimesight.ai/chargesheet/329"
"49093000000171072","49093000000013007","2026-06-28 14:01:29:389","2026-06-28 14:01:29:389","49093000000157588","2026-06-17","Metropolitan Magistrate Court","Patrick Sengupta","CS-2026-00331","Returned for Correction","https://crimesight.ai/chargesheet/331"
"49093000000171073","49093000000013007","2026-06-28 14:01:29:389","2026-06-28 14:01:29:389","49093000000157589","2024-12-15","District & Sessions Court","Meghana Bandi","CS-2024-00332","Returned for Correction","https://crimesight.ai/chargesheet/332"
"49093000000171074","49093000000013007","2026-06-28 14:01:29:389","2026-06-28 14:01:29:389","49093000000157591","2025-05-13","JMFC Court","Vasudha Loyal","CS-2025-00334","Filed","https://crimesight.ai/chargesheet/334"
"49093000000171075","49093000000013007","2026-06-28 14:01:29:389","2026-06-28 14:01:29:389","49093000000157592","2026-02-24","JMFC Court","Akshay Doctor","CS-2026-00335","Pending","https://crimesight.ai/chargesheet/335"
"49093000000171076","49093000000013007","2026-06-28 14:01:29:389","2026-06-28 14:01:29:389","49093000000157593","2025-09-07","Metropolitan Magistrate Court","Alexander Natarajan","CS-2025-00336","Pending","https://crimesight.ai/chargesheet/336"
"49093000000171077","49093000000013007","2026-06-28 14:01:29:389","2026-06-28 14:01:29:389","49093000000157594","2026-04-22","Civil Court","Siya Apte","CS-2026-00337","Accepted","https://crimesight.ai/chargesheet/337"
"49093000000171078","49093000000013007","2026-06-28 14:01:29:389","2026-06-28 14:01:29:389","49093000000157595","2024-10-15","Fast Track Court","Oeshi Lalla","CS-2024-00338","Returned for Correction","https://crimesight.ai/chargesheet/338"
"49093000000171079","49093000000013007","2026-06-28 14:01:29:389","2026-06-28 14:01:29:389","49093000000157596","2025-06-26","JMFC Court","Yoshita Desai","CS-2025-00339","Pending","https://crimesight.ai/chargesheet/339"
"49093000000171080","49093000000013007","2026-06-28 14:01:29:389","2026-06-28 14:01:29:389","49093000000157598","2024-12-13","Civil Court","Vidhi Comar","CS-2024-00341","Pending","https://crimesight.ai/chargesheet/341"
"49093000000171081","49093000000013007","2026-06-28 14:01:29:389","2026-06-28 14:01:29:389","49093000000157599","2024-09-20","High Court Bench","Lakshmi Padmanabhan","CS-2024-00342","Returned for Correction","https://crimesight.ai/chargesheet/342"
"49093000000171082","49093000000013007","2026-06-28 14:01:29:389","2026-06-28 14:01:29:389","49093000000157600","2024-10-21","JMFC Court","Darika Hegde","CS-2024-00343","Pending","https://crimesight.ai/chargesheet/343"
"49093000000171083","49093000000013007","2026-06-28 14:01:29:389","2026-06-28 14:01:29:389","49093000000157601","2026-06-24","District & Sessions Court","Wridesh Kata","CS-2026-00344","Accepted","https://crimesight.ai/chargesheet/344"
"49093000000171084","49093000000013007","2026-06-28 14:01:29:389","2026-06-28 14:01:29:389","49093000000157602","2024-08-15","High Court Bench","Widisha Din","CS-2024-00345","Accepted","https://crimesight.ai/chargesheet/345"
"49093000000171085","49093000000013007","2026-06-28 14:01:29:389","2026-06-28 14:01:29:389","49093000000157604","2025-05-16","Metropolitan Magistrate Court","Anthony Subramanian","CS-2025-00347","Pending","https://crimesight.ai/chargesheet/347"
"49093000000171086","49093000000013007","2026-06-28 14:01:29:389","2026-06-28 14:01:29:389","49093000000157606","2025-09-13","JMFC Court","Ria Rout","CS-2025-00349","Pending","https://crimesight.ai/chargesheet/349"
"49093000000171087","49093000000013007","2026-06-28 14:01:29:389","2026-06-28 14:01:29:389","49093000000157607","2024-08-14","Fast Track Court","Samaksh Khatri","CS-2024-00350","Filed","https://crimesight.ai/chargesheet/350"
"49093000000171088","49093000000013007","2026-06-28 14:01:29:389","2026-06-28 14:01:29:389","49093000000157608","2025-04-07","District & Sessions Court","Charita Baral","CS-2025-00351","Filed","https://crimesight.ai/chargesheet/351"
"49093000000171089","49093000000013007","2026-06-28 14:01:29:389","2026-06-28 14:01:29:389","49093000000157609","2024-12-19","Metropolitan Magistrate Court","Azad Sani","CS-2024-00352","Returned for Correction","https://crimesight.ai/chargesheet/352"
"49093000000171090","49093000000013007","2026-06-28 14:01:29:389","2026-06-28 14:01:29:389","49093000000157610","2026-03-27","Civil Court","Indira Oommen","CS-2026-00353","Accepted","https://crimesight.ai/chargesheet/353"
"49093000000171091","49093000000013007","2026-06-28 14:01:29:389","2026-06-28 14:01:29:389","49093000000157611","2024-07-31","District & Sessions Court","Lekha Kannan","CS-2024-00354","Pending","https://crimesight.ai/chargesheet/354"
"49093000000171092","49093000000013007","2026-06-28 14:01:29:389","2026-06-28 14:01:29:389","49093000000157612","2024-07-02","JMFC Court","Benjamin Divan","CS-2024-00355","Filed","https://crimesight.ai/chargesheet/355"
"49093000000171093","49093000000013007","2026-06-28 14:01:29:389","2026-06-28 14:01:29:389","49093000000157614","2024-10-25","JMFC Court","Vrishti Mani","CS-2024-00357","Pending","https://crimesight.ai/chargesheet/357"
"49093000000171094","49093000000013007","2026-06-28 14:01:29:389","2026-06-28 14:01:29:389","49093000000157615","2026-02-25","High Court Bench","Owen Samra","CS-2026-00358","Filed","https://crimesight.ai/chargesheet/358"
"49093000000171095","49093000000013007","2026-06-28 14:01:29:389","2026-06-28 14:01:29:389","49093000000157616","2026-01-17","Fast Track Court","Abeer Chaudhari","CS-2026-00359","Pending","https://crimesight.ai/chargesheet/359"
"49093000000171096","49093000000013007","2026-06-28 14:01:29:389","2026-06-28 14:01:29:389","49093000000157617","2026-02-24","Fast Track Court","Jeevika Bajaj","CS-2026-00360","Filed","https://crimesight.ai/chargesheet/360"
"49093000000171097","49093000000013007","2026-06-28 14:01:29:389","2026-06-28 14:01:29:389","49093000000157619","2024-11-15","Civil Court","Imaran Chakraborty","CS-2024-00362","Accepted","https://crimesight.ai/chargesheet/362"
"49093000000171098","49093000000013007","2026-06-28 14:01:29:389","2026-06-28 14:01:29:389","49093000000157620","2024-08-24","Fast Track Court","Fitan Kohli","CS-2024-00363","Accepted","https://crimesight.ai/chargesheet/363"
"49093000000171099","49093000000013007","2026-06-28 14:01:29:389","2026-06-28 14:01:29:389","49093000000157621","2024-09-07","Civil Court","Bahadurjit Ravi","CS-2024-00364","Pending","https://crimesight.ai/chargesheet/364"
"49093000000171100","49093000000013007","2026-06-28 14:01:29:389","2026-06-28 14:01:29:389","49093000000157622","2025-06-21","High Court Bench","Rayaan Tara","CS-2025-00365","Returned for Correction","https://crimesight.ai/chargesheet/365"
"49093000000171101","49093000000013007","2026-06-28 14:01:29:389","2026-06-28 14:01:29:389","49093000000157623","2025-11-29","High Court Bench","Gaurika Taneja","CS-2025-00366","Returned for Correction","https://crimesight.ai/chargesheet/366"
"49093000000171102","49093000000013007","2026-06-28 14:01:29:390","2026-06-28 14:01:29:390","49093000000157624","2025-08-22","High Court Bench","Chatresh Hegde","CS-2025-00367","Accepted","https://crimesight.ai/chargesheet/367"
"49093000000171103","49093000000013007","2026-06-28 14:01:29:390","2026-06-28 14:01:29:390","49093000000157625","2024-12-16","High Court Bench","Lajita Ahluwalia","CS-2024-00368","Returned for Correction","https://crimesight.ai/chargesheet/368"
"49093000000171104","49093000000013007","2026-06-28 14:01:29:390","2026-06-28 14:01:29:390","49093000000157626","2024-11-12","Fast Track Court","Anirudh Krishnamurthy","CS-2024-00369","Pending","https://crimesight.ai/chargesheet/369"
"49093000000171105","49093000000013007","2026-06-28 14:01:29:390","2026-06-28 14:01:29:390","49093000000157627","2024-12-12","JMFC Court","Yatan Sengupta","CS-2024-00370","Pending","https://crimesight.ai/chargesheet/370"
"49093000000171106","49093000000013007","2026-06-28 14:01:29:390","2026-06-28 14:01:29:390","49093000000157629","2026-05-25","Metropolitan Magistrate Court","Riya Kibe","CS-2026-00372","Filed","https://crimesight.ai/chargesheet/372"
"49093000000171107","49093000000013007","2026-06-28 14:01:29:390","2026-06-28 14:01:29:390","49093000000157632","2024-10-11","Metropolitan Magistrate Court","Bishakha Nanda","CS-2024-00375","Pending","https://crimesight.ai/chargesheet/375"
"49093000000171108","49093000000013007","2026-06-28 14:01:29:390","2026-06-28 14:01:29:390","49093000000157633","2025-07-02","Civil Court","Vasudha Taneja","CS-2025-00376","Filed","https://crimesight.ai/chargesheet/376"
"49093000000171109","49093000000013007","2026-06-28 14:01:29:390","2026-06-28 14:01:29:390","49093000000157635","2024-08-31","Metropolitan Magistrate Court","Shravya Guha","CS-2024-00378","Pending","https://crimesight.ai/chargesheet/378"
"49093000000171110","49093000000013007","2026-06-28 14:01:29:390","2026-06-28 14:01:29:390","49093000000157636","2025-08-14","Civil Court","Finn Jani","CS-2025-00379","Filed","https://crimesight.ai/chargesheet/379"
"49093000000171111","49093000000013007","2026-06-28 14:01:29:390","2026-06-28 14:01:29:390","49093000000157640","2025-08-05","Civil Court","Sara Chokshi","CS-2025-00383","Accepted","https://crimesight.ai/chargesheet/383"
"49093000000171112","49093000000013007","2026-06-28 14:01:29:390","2026-06-28 14:01:29:390","49093000000157641","2025-11-24","JMFC Court","Ekaraj Saraf","CS-2025-00384","Returned for Correction","https://crimesight.ai/chargesheet/384"
"49093000000171113","49093000000013007","2026-06-28 14:01:29:390","2026-06-28 14:01:29:390","49093000000157642","2026-03-23","Fast Track Court","Caleb Gara","CS-2026-00385","Returned for Correction","https://crimesight.ai/chargesheet/385"
"49093000000171114","49093000000013007","2026-06-28 14:01:29:390","2026-06-28 14:01:29:390","49093000000157643","2025-02-12","District & Sessions Court","Ethan Gill","CS-2025-00386","Returned for Correction","https://crimesight.ai/chargesheet/386"
"49093000000171115","49093000000013007","2026-06-28 14:01:29:390","2026-06-28 14:01:29:390","49093000000157644","2026-01-24","District & Sessions Court","Ria Choudhary","CS-2026-00387","Pending","https://crimesight.ai/chargesheet/387"
"49093000000171116","49093000000013007","2026-06-28 14:01:29:390","2026-06-28 14:01:29:390","49093000000157645","2026-01-13","Civil Court","Dhriti Khurana","CS-2026-00388","Pending","https://crimesight.ai/chargesheet/388"
"49093000000171117","49093000000013007","2026-06-28 14:01:29:390","2026-06-28 14:01:29:390","49093000000157646","2025-06-04","Civil Court","Faqid Devi","CS-2025-00389","Filed","https://crimesight.ai/chargesheet/389"
"49093000000171118","49093000000013007","2026-06-28 14:01:29:390","2026-06-28 14:01:29:390","49093000000157647","2026-01-21","Fast Track Court","Damini Sathe","CS-2026-00390","Accepted","https://crimesight.ai/chargesheet/390"
"49093000000171119","49093000000013007","2026-06-28 14:01:29:390","2026-06-28 14:01:29:390","49093000000157648","2025-09-30","JMFC Court","Bahadurjit Dave","CS-2025-00391","Accepted","https://crimesight.ai/chargesheet/391"
"49093000000171120","49093000000013007","2026-06-28 14:01:29:390","2026-06-28 14:01:29:390","49093000000157649","2024-08-28","High Court Bench","Wahab Andra","CS-2024-00392","Returned for Correction","https://crimesight.ai/chargesheet/392"
"49093000000171121","49093000000013007","2026-06-28 14:01:29:390","2026-06-28 14:01:29:390","49093000000157650","2025-02-20","Fast Track Court","Samaksh Banerjee","CS-2025-00393","Filed","https://crimesight.ai/chargesheet/393"
"49093000000171122","49093000000013007","2026-06-28 14:01:29:390","2026-06-28 14:01:29:390","49093000000157651","2024-10-17","Metropolitan Magistrate Court","Chandresh Som","CS-2024-00394","Returned for Correction","https://crimesight.ai/chargesheet/394"
"49093000000171123","49093000000013007","2026-06-28 14:01:29:390","2026-06-28 14:01:29:390","49093000000157652","2024-08-09","Civil Court","Vedant Srivastava","CS-2024-00395","Accepted","https://crimesight.ai/chargesheet/395"
"49093000000171124","49093000000013007","2026-06-28 14:01:29:390","2026-06-28 14:01:29:390","49093000000157655","2025-08-18","Fast Track Court","Eshana Luthra","CS-2025-00398","Returned for Correction","https://crimesight.ai/chargesheet/398"
"49093000000171125","49093000000013007","2026-06-28 14:01:29:390","2026-06-28 14:01:29:390","49093000000157656","2026-03-11","Fast Track Court","Zansi Mital","CS-2026-00399","Accepted","https://crimesight.ai/chargesheet/399"
"49093000000171126","49093000000013007","2026-06-28 14:01:29:390","2026-06-28 14:01:29:390","49093000000157658","2026-02-27","Metropolitan Magistrate Court","Anvi Deo","CS-2026-00401","Pending","https://crimesight.ai/chargesheet/401"
"49093000000171127","49093000000013007","2026-06-28 14:01:29:390","2026-06-28 14:01:29:390","49093000000157659","2026-04-11","High Court Bench","Nachiket Bahl","CS-2026-00402","Filed","https://crimesight.ai/chargesheet/402"
"49093000000171128","49093000000013007","2026-06-28 14:01:29:390","2026-06-28 14:01:29:390","49093000000157660","2026-03-09","High Court Bench","Bimala Iyengar","CS-2026-00403","Filed","https://crimesight.ai/chargesheet/403"
"49093000000171129","49093000000013007","2026-06-28 14:01:29:390","2026-06-28 14:01:29:390","49093000000157661","2025-05-11","High Court Bench","Kamala Balakrishnan","CS-2025-00404","Returned for Correction","https://crimesight.ai/chargesheet/404"
"49093000000171130","49093000000013007","2026-06-28 14:01:29:390","2026-06-28 14:01:29:390","49093000000157662","2026-04-12","JMFC Court","Jackson Bandi","CS-2026-00405","Filed","https://crimesight.ai/chargesheet/405"
"49093000000171131","49093000000013007","2026-06-28 14:01:29:390","2026-06-28 14:01:29:390","49093000000157663","2024-08-14","Civil Court","Vanya Rajagopal","CS-2024-00406","Pending","https://crimesight.ai/chargesheet/406"
"49093000000171132","49093000000013007","2026-06-28 14:01:29:390","2026-06-28 14:01:29:390","49093000000157664","2024-12-07","Metropolitan Magistrate Court","Umang Dubey","CS-2024-00407","Pending","https://crimesight.ai/chargesheet/407"
"49093000000171133","49093000000013007","2026-06-28 14:01:29:390","2026-06-28 14:01:29:390","49093000000157665","2025-07-22","District & Sessions Court","Vaishnavi Chana","CS-2025-00408","Returned for Correction","https://crimesight.ai/chargesheet/408"
"49093000000171134","49093000000013007","2026-06-28 14:01:29:390","2026-06-28 14:01:29:390","49093000000157668","2024-12-04","Fast Track Court","Veda Shere","CS-2024-00411","Accepted","https://crimesight.ai/chargesheet/411"
"49093000000171135","49093000000013007","2026-06-28 14:01:29:390","2026-06-28 14:01:29:390","49093000000157669","2026-02-05","High Court Bench","Turvi Cherian","CS-2026-00412","Filed","https://crimesight.ai/chargesheet/412"
"49093000000171136","49093000000013007","2026-06-28 14:01:29:390","2026-06-28 14:01:29:390","49093000000157670","2024-08-28","Civil Court","Champak Narang","CS-2024-00413","Pending","https://crimesight.ai/chargesheet/413"
"49093000000171137","49093000000013007","2026-06-28 14:01:29:390","2026-06-28 14:01:29:390","49093000000157671","2026-02-25","High Court Bench","Dayita Hari","CS-2026-00414","Returned for Correction","https://crimesight.ai/chargesheet/414"
"49093000000171138","49093000000013007","2026-06-28 14:01:29:390","2026-06-28 14:01:29:390","49093000000157673","2026-01-15","Civil Court","Fitan Madan","CS-2026-00416","Returned for Correction","https://crimesight.ai/chargesheet/416"
"49093000000171139","49093000000013007","2026-06-28 14:01:29:390","2026-06-28 14:01:29:390","49093000000157675","2026-01-20","JMFC Court","Bhavika Kalita","CS-2026-00418","Filed","https://crimesight.ai/chargesheet/418"
"49093000000171140","49093000000013007","2026-06-28 14:01:29:390","2026-06-28 14:01:29:390","49093000000157676","2024-08-23","JMFC Court","Tripti Pant","CS-2024-00419","Accepted","https://crimesight.ai/chargesheet/419"
"49093000000171141","49093000000013007","2026-06-28 14:01:29:391","2026-06-28 14:01:29:391","49093000000157677","2024-08-19","Fast Track Court","Dakshesh Sidhu","CS-2024-00420","Accepted","https://crimesight.ai/chargesheet/420"
"49093000000171142","49093000000013007","2026-06-28 14:01:29:391","2026-06-28 14:01:29:391","49093000000157678","2024-07-18","District & Sessions Court","Ishaan Memon","CS-2024-00421","Pending","https://crimesight.ai/chargesheet/421"
"49093000000171143","49093000000013007","2026-06-28 14:01:29:391","2026-06-28 14:01:29:391","49093000000157679","2026-01-09","High Court Bench","Shivani Verma","CS-2026-00422","Pending","https://crimesight.ai/chargesheet/422"
"49093000000171144","49093000000013007","2026-06-28 14:01:29:391","2026-06-28 14:01:29:391","49093000000157680","2025-01-16","Fast Track Court","Turvi Mannan","CS-2025-00423","Returned for Correction","https://crimesight.ai/chargesheet/423"
"49093000000171145","49093000000013007","2026-06-28 14:01:29:391","2026-06-28 14:01:29:391","49093000000157681","2024-08-17","JMFC Court","Tripti Thakkar","CS-2024-00424","Returned for Correction","https://crimesight.ai/chargesheet/424"
"49093000000171146","49093000000013007","2026-06-28 14:01:29:391","2026-06-28 14:01:29:391","49093000000157682","2025-10-26","Fast Track Court","Maanas Wason","CS-2025-00425","Accepted","https://crimesight.ai/chargesheet/425"
"49093000000171147","49093000000013007","2026-06-28 14:01:29:391","2026-06-28 14:01:29:391","49093000000157683","2025-02-06","Civil Court","Rishi Kohli","CS-2025-00426","Pending","https://crimesight.ai/chargesheet/426"
"49093000000171148","49093000000013007","2026-06-28 14:01:29:391","2026-06-28 14:01:29:391","49093000000157684","2024-11-21","District & Sessions Court","Vrishti Shah","CS-2024-00427","Returned for Correction","https://crimesight.ai/chargesheet/427"
"49093000000171149","49093000000013007","2026-06-28 14:01:29:391","2026-06-28 14:01:29:391","49093000000157685","2025-10-09","Civil Court","Vrishti Wali","CS-2025-00428","Accepted","https://crimesight.ai/chargesheet/428"
"49093000000171150","49093000000013007","2026-06-28 14:01:29:391","2026-06-28 14:01:29:391","49093000000157686","2025-09-03","District & Sessions Court","Advik Gour","CS-2025-00429","Filed","https://crimesight.ai/chargesheet/429"
"49093000000171151","49093000000013007","2026-06-28 14:01:29:391","2026-06-28 14:01:29:391","49093000000157687","2025-02-28","Metropolitan Magistrate Court","Daksh Chad","CS-2025-00430","Returned for Correction","https://crimesight.ai/chargesheet/430"
"49093000000171152","49093000000013007","2026-06-28 14:01:29:391","2026-06-28 14:01:29:391","49093000000157689","2026-03-30","Fast Track Court","Mason Mahajan","CS-2026-00432","Filed","https://crimesight.ai/chargesheet/432"
"49093000000171153","49093000000013007","2026-06-28 14:01:29:391","2026-06-28 14:01:29:391","49093000000157690","2024-07-21","Civil Court","Bhavya Sagar","CS-2024-00433","Accepted","https://crimesight.ai/chargesheet/433"
"49093000000171154","49093000000013007","2026-06-28 14:01:29:391","2026-06-28 14:01:29:391","49093000000157691","2026-04-06","District & Sessions Court","Dev Dayal","CS-2026-00434","Pending","https://crimesight.ai/chargesheet/434"
"49093000000171155","49093000000013007","2026-06-28 14:01:29:391","2026-06-28 14:01:29:391","49093000000157693","2025-01-02","Metropolitan Magistrate Court","Ayush Rege","CS-2025-00436","Filed","https://crimesight.ai/chargesheet/436"
"49093000000171156","49093000000013007","2026-06-28 14:01:29:391","2026-06-28 14:01:29:391","49093000000157694","2024-11-19","Metropolitan Magistrate Court","Pallavi Saha","CS-2024-00437","Filed","https://crimesight.ai/chargesheet/437"
"49093000000171157","49093000000013007","2026-06-28 14:01:29:391","2026-06-28 14:01:29:391","49093000000157695","2026-03-28","District & Sessions Court","Divya Borah","CS-2026-00438","Filed","https://crimesight.ai/chargesheet/438"
"49093000000171158","49093000000013007","2026-06-28 14:01:29:391","2026-06-28 14:01:29:391","49093000000157696","2024-08-05","Fast Track Court","Ganga Kala","CS-2024-00439","Returned for Correction","https://crimesight.ai/chargesheet/439"
"49093000000171159","49093000000013007","2026-06-28 14:01:29:391","2026-06-28 14:01:29:391","49093000000157697","2025-05-11","JMFC Court","Idika Edwin","CS-2025-00440","Pending","https://crimesight.ai/chargesheet/440"
"49093000000171160","49093000000013007","2026-06-28 14:01:29:391","2026-06-28 14:01:29:391","49093000000157698","2026-01-16","High Court Bench","Udarsh Gade","CS-2026-00441","Pending","https://crimesight.ai/chargesheet/441"
"49093000000171161","49093000000013007","2026-06-28 14:01:29:391","2026-06-28 14:01:29:391","49093000000157699","2025-02-22","High Court Bench","Amrita Bala","CS-2025-00442","Returned for Correction","https://crimesight.ai/chargesheet/442"
"49093000000171162","49093000000013007","2026-06-28 14:01:29:391","2026-06-28 14:01:29:391","49093000000157700","2026-02-14","JMFC Court","Omisha Sibal","CS-2026-00443","Filed","https://crimesight.ai/chargesheet/443"
"49093000000171163","49093000000013007","2026-06-28 14:01:29:391","2026-06-28 14:01:29:391","49093000000157701","2026-01-18","JMFC Court","Nihal Bahri","CS-2026-00444","Returned for Correction","https://crimesight.ai/chargesheet/444"
"49093000000171164","49093000000013007","2026-06-28 14:01:29:391","2026-06-28 14:01:29:391","49093000000157702","2025-08-18","Metropolitan Magistrate Court","Faras Malhotra","CS-2025-00445","Accepted","https://crimesight.ai/chargesheet/445"
"49093000000171165","49093000000013007","2026-06-28 14:01:29:391","2026-06-28 14:01:29:391","49093000000157703","2024-08-06","High Court Bench","Raksha Sen","CS-2024-00446","Returned for Correction","https://crimesight.ai/chargesheet/446"
"49093000000171166","49093000000013007","2026-06-28 14:01:29:391","2026-06-28 14:01:29:391","49093000000157705","2024-12-08","Metropolitan Magistrate Court","Indrajit Devi","CS-2024-00448","Pending","https://crimesight.ai/chargesheet/448"
"49093000000171167","49093000000013007","2026-06-28 14:01:29:391","2026-06-28 14:01:29:391","49093000000157706","2025-12-26","Civil Court","Adweta Palla","CS-2025-00449","Filed","https://crimesight.ai/chargesheet/449"
"49093000000171168","49093000000013007","2026-06-28 14:01:29:391","2026-06-28 14:01:29:391","49093000000157707","2025-02-27","Civil Court","Hemangini Bhatnagar","CS-2025-00450","Pending","https://crimesight.ai/chargesheet/450"
"49093000000171169","49093000000013007","2026-06-28 14:01:29:391","2026-06-28 14:01:29:391","49093000000157711","2026-06-13","High Court Bench","Rachana Borde","CS-2026-00454","Returned for Correction","https://crimesight.ai/chargesheet/454"
"49093000000171170","49093000000013007","2026-06-28 14:01:29:391","2026-06-28 14:01:29:391","49093000000157712","2025-09-13","Civil Court","Frado Kala","CS-2025-00455","Returned for Correction","https://crimesight.ai/chargesheet/455"
"49093000000171171","49093000000013007","2026-06-28 14:01:29:391","2026-06-28 14:01:29:391","49093000000157713","2025-11-23","District & Sessions Court","Qadim Lalla","CS-2025-00456","Returned for Correction","https://crimesight.ai/chargesheet/456"
"49093000000171172","49093000000013007","2026-06-28 14:01:29:391","2026-06-28 14:01:29:391","49093000000157714","2026-02-01","Metropolitan Magistrate Court","Radhika Brar","CS-2026-00457","Pending","https://crimesight.ai/chargesheet/457"
"49093000000171173","49093000000013007","2026-06-28 14:01:29:391","2026-06-28 14:01:29:391","49093000000157716","2024-08-11","Metropolitan Magistrate Court","Diya Palla","CS-2024-00459","Accepted","https://crimesight.ai/chargesheet/459"
"49093000000171174","49093000000013007","2026-06-28 14:01:29:391","2026-06-28 14:01:29:391","49093000000157717","2025-12-12","Civil Court","Urvi Wable","CS-2025-00460","Returned for Correction","https://crimesight.ai/chargesheet/460"
"49093000000171175","49093000000013007","2026-06-28 14:01:29:391","2026-06-28 14:01:29:391","49093000000157718","2025-09-07","District & Sessions Court","Libni Salvi","CS-2025-00461","Accepted","https://crimesight.ai/chargesheet/461"
"49093000000171176","49093000000013007","2026-06-28 14:01:29:391","2026-06-28 14:01:29:391","49093000000157720","2026-06-11","Fast Track Court","Shaurya Chawla","CS-2026-00463","Returned for Correction","https://crimesight.ai/chargesheet/463"
"49093000000171177","49093000000013007","2026-06-28 14:01:29:391","2026-06-28 14:01:29:391","49093000000157721","2025-01-30","Metropolitan Magistrate Court","Gopal Upadhyay","CS-2025-00464","Accepted","https://crimesight.ai/chargesheet/464"
"49093000000171178","49093000000013007","2026-06-28 14:01:29:392","2026-06-28 14:01:29:392","49093000000157722","2025-11-17","District & Sessions Court","Diya Chauhan","CS-2025-00465","Returned for Correction","https://crimesight.ai/chargesheet/465"
"49093000000171179","49093000000013007","2026-06-28 14:01:29:392","2026-06-28 14:01:29:392","49093000000157723","2026-04-01","Metropolitan Magistrate Court","Dalaja Khanna","CS-2026-00466","Filed","https://crimesight.ai/chargesheet/466"
"49093000000171180","49093000000013007","2026-06-28 14:01:29:392","2026-06-28 14:01:29:392","49093000000157724","2026-06-14","Fast Track Court","Xiti Basak","CS-2026-00467","Accepted","https://crimesight.ai/chargesheet/467"
"49093000000171181","49093000000013007","2026-06-28 14:01:29:392","2026-06-28 14:01:29:392","49093000000157725","2025-02-15","High Court Bench","Frederick Badami","CS-2025-00468","Accepted","https://crimesight.ai/chargesheet/468"
"49093000000171182","49093000000013007","2026-06-28 14:01:29:392","2026-06-28 14:01:29:392","49093000000157727","2026-05-12","JMFC Court","Oeshi Saxena","CS-2026-00470","Accepted","https://crimesight.ai/chargesheet/470"
"49093000000171183","49093000000013007","2026-06-28 14:01:29:392","2026-06-28 14:01:29:392","49093000000157729","2025-06-24","Civil Court","Amruta Raju","CS-2025-00472","Returned for Correction","https://crimesight.ai/chargesheet/472"
"49093000000171184","49093000000013007","2026-06-28 14:01:29:392","2026-06-28 14:01:29:392","49093000000157730","2025-06-12","Metropolitan Magistrate Court","Zehaan Agrawal","CS-2025-00473","Filed","https://crimesight.ai/chargesheet/473"
"49093000000171185","49093000000013007","2026-06-28 14:01:29:392","2026-06-28 14:01:29:392","49093000000157731","2026-03-03","Civil Court","Amrita Anne","CS-2026-00474","Pending","https://crimesight.ai/chargesheet/474"
"49093000000171186","49093000000013007","2026-06-28 14:01:29:392","2026-06-28 14:01:29:392","49093000000157732","2025-08-15","Metropolitan Magistrate Court","Rajeshri Desai","CS-2025-00475","Filed","https://crimesight.ai/chargesheet/475"
"49093000000171187","49093000000013007","2026-06-28 14:01:29:392","2026-06-28 14:01:29:392","49093000000157733","2025-04-21","Civil Court","Jacob Swamy","CS-2025-00476","Accepted","https://crimesight.ai/chargesheet/476"
"49093000000171188","49093000000013007","2026-06-28 14:01:29:392","2026-06-28 14:01:29:392","49093000000157734","2024-09-09","Fast Track Court","Om Chandran","CS-2024-00477","Returned for Correction","https://crimesight.ai/chargesheet/477"
"49093000000171189","49093000000013007","2026-06-28 14:01:29:392","2026-06-28 14:01:29:392","49093000000157735","2025-07-01","Fast Track Court","Christopher Banerjee","CS-2025-00478","Pending","https://crimesight.ai/chargesheet/478"
"49093000000171190","49093000000013007","2026-06-28 14:01:29:392","2026-06-28 14:01:29:392","49093000000157738","2025-11-25","JMFC Court","Dayamai Bhakta","CS-2025-00481","Returned for Correction","https://crimesight.ai/chargesheet/481"
"49093000000171191","49093000000013007","2026-06-28 14:01:29:392","2026-06-28 14:01:29:392","49093000000157739","2024-07-17","Metropolitan Magistrate Court","Rachita Dubey","CS-2024-00482","Filed","https://crimesight.ai/chargesheet/482"
"49093000000171192","49093000000013007","2026-06-28 14:01:29:392","2026-06-28 14:01:29:392","49093000000157740","2025-10-20","Fast Track Court","Eta Rao","CS-2025-00483","Filed","https://crimesight.ai/chargesheet/483"
"49093000000171193","49093000000013007","2026-06-28 14:01:29:392","2026-06-28 14:01:29:392","49093000000157742","2025-03-02","Civil Court","Sudiksha Srivastava","CS-2025-00485","Accepted","https://crimesight.ai/chargesheet/485"
"49093000000171194","49093000000013007","2026-06-28 14:01:29:392","2026-06-28 14:01:29:392","49093000000157743","2026-03-12","High Court Bench","Manbir Bhandari","CS-2026-00486","Filed","https://crimesight.ai/chargesheet/486"
"49093000000171195","49093000000013007","2026-06-28 14:01:29:392","2026-06-28 14:01:29:392","49093000000157744","2025-09-05","Metropolitan Magistrate Court","Watika Babu","CS-2025-00487","Pending","https://crimesight.ai/chargesheet/487"
"49093000000171196","49093000000013007","2026-06-28 14:01:29:392","2026-06-28 14:01:29:392","49093000000157745","2025-10-03","District & Sessions Court","Raghav Reddy","CS-2025-00488","Accepted","https://crimesight.ai/chargesheet/488"
"49093000000171197","49093000000013007","2026-06-28 14:01:29:392","2026-06-28 14:01:29:392","49093000000157746","2025-09-20","District & Sessions Court","Yutika Bir","CS-2025-00489","Accepted","https://crimesight.ai/chargesheet/489"
"49093000000171198","49093000000013007","2026-06-28 14:01:29:392","2026-06-28 14:01:29:392","49093000000157747","2025-11-07","JMFC Court","Isha Modi","CS-2025-00490","Accepted","https://crimesight.ai/chargesheet/490"
"49093000000171199","49093000000013007","2026-06-28 14:01:29:392","2026-06-28 14:01:29:392","49093000000157749","2025-10-03","Civil Court","Hiral Barad","CS-2025-00492","Returned for Correction","https://crimesight.ai/chargesheet/492"
"49093000000171200","49093000000013007","2026-06-28 14:01:29:392","2026-06-28 14:01:29:392","49093000000157750","2025-05-01","Fast Track Court","Samesh Sant","CS-2025-00493","Returned for Correction","https://crimesight.ai/chargesheet/493"
"49093000000171201","49093000000013007","2026-06-28 14:01:29:392","2026-06-28 14:01:29:392","49093000000157751","2026-03-05","Fast Track Court","Bakhshi Date","CS-2026-00494","Filed","https://crimesight.ai/chargesheet/494"
"49093000000171202","49093000000013007","2026-06-28 14:01:29:392","2026-06-28 14:01:29:392","49093000000157752","2026-06-24","JMFC Court","Vedant Jaggi","CS-2026-00495","Pending","https://crimesight.ai/chargesheet/495"
"49093000000171203","49093000000013007","2026-06-28 14:01:29:392","2026-06-28 14:01:29:392","49093000000157755","2025-08-27","Metropolitan Magistrate Court","Gabriel Shan","CS-2025-00498","Accepted","https://crimesight.ai/chargesheet/498"
"49093000000171204","49093000000013007","2026-06-28 14:01:29:392","2026-06-28 14:01:29:392","49093000000157757","2026-01-10","District & Sessions Court","Chameli Rama","CS-2026-00500","Pending","https://crimesight.ai/chargesheet/500"
